﻿{
  "DataContractVersion": "1.1",
  "DocumentTypes": [
    {
      "Connections": [],
      "DocumentTypeId": "acubotix_ml_taxonamy.acubotix_ml_category.acubotix_ml_name",
      "Group": "acubotix_ml_taxonamy",
      "Category": "acubotix_ml_category",
      "Name": "acubotix_ml_name",
      "OptionalUniqueIdentifier": "",
      "TypeField": {
        "FieldId": "acubotix_ml_taxonamy.acubotix_ml_category.acubotix_ml_name.DocumentType",
        "FieldName": "Document Type"
      },
      "Fields": [
        {
          "FieldId": "acubotix_ml_taxonamy.acubotix_ml_category.acubotix_ml_name.DATE",
          "FieldName": "DATE",
          "IsMultiValue": false,
          "Type": "Date",
          "DeriveFieldsFormat": "",
          "Components": [],
          "SetValues": [],
          "Metadata": [
            {
              "Key": "Color",
              "Value": "#038a18"
            },
            {
              "Key": "Hotkey",
              "Value": "a"
            }
          ],
          "RuleSet": null,
          "DefaultValue": "",
          "DataSource": null
        },
        {
          "FieldId": "acubotix_ml_taxonamy.acubotix_ml_category.acubotix_ml_name.DUEDATE",
          "FieldName": "DUE DATE",
          "IsMultiValue": false,
          "Type": "Date",
          "DeriveFieldsFormat": "",
          "Components": [],
          "SetValues": [],
          "Metadata": [
            {
              "Key": "Color",
              "Value": "#8a97a0"
            },
            {
              "Key": "Hotkey",
              "Value": "e"
            }
          ],
          "RuleSet": null,
          "DefaultValue": "",
          "DataSource": null
        },
        {
          "FieldId": "acubotix_ml_taxonamy.acubotix_ml_category.acubotix_ml_name.PO",
          "FieldName": "PO",
          "IsMultiValue": false,
          "Type": "Number",
          "DeriveFieldsFormat": "",
          "Components": [],
          "SetValues": [],
          "Metadata": [
            {
              "Key": "Color",
              "Value": "#6eb84a"
            },
            {
              "Key": "Hotkey",
              "Value": "q"
            }
          ],
          "RuleSet": null,
          "DefaultValue": "",
          "DataSource": null
        },
        {
          "FieldId": "acubotix_ml_taxonamy.acubotix_ml_category.acubotix_ml_name.TOTALAMOUNT",
          "FieldName": "TOTAL AMOUNT",
          "IsMultiValue": false,
          "Type": "Number",
          "DeriveFieldsFormat": "",
          "Components": [],
          "SetValues": [],
          "Metadata": [
            {
              "Key": "Color",
              "Value": "#5cd483"
            },
            {
              "Key": "Hotkey",
              "Value": "l"
            }
          ],
          "RuleSet": null,
          "DefaultValue": "",
          "DataSource": null
        },
        {
          "FieldId": "acubotix_ml_taxonamy.acubotix_ml_category.acubotix_ml_name.INVOIC_NUM",
          "FieldName": "INVOIC_NUM",
          "IsMultiValue": false,
          "Type": "Number",
          "DeriveFieldsFormat": "",
          "Components": [],
          "SetValues": [],
          "Metadata": [
            {
              "Key": "Color",
              "Value": "#8a97a0"
            },
            {
              "Key": "Hotkey",
              "Value": "v"
            }
          ],
          "RuleSet": null,
          "DefaultValue": "",
          "DataSource": null
        },
        {
          "FieldId": "acubotix_ml_taxonamy.acubotix_ml_category.acubotix_ml_name.BILLTYPE",
          "FieldName": "BILL TYPE",
          "IsMultiValue": false,
          "Type": "Text",
          "DeriveFieldsFormat": "",
          "Components": [],
          "SetValues": [],
          "Metadata": [
            {
              "Key": "Color",
              "Value": "#8a97a0"
            },
            {
              "Key": "Hotkey",
              "Value": "y"
            }
          ],
          "RuleSet": null,
          "DefaultValue": "",
          "DataSource": null
        },
        {
          "FieldId": "acubotix_ml_taxonamy.acubotix_ml_category.acubotix_ml_name.BILLADDR",
          "FieldName": "BILL ADDR",
          "IsMultiValue": false,
          "Type": "Text",
          "DeriveFieldsFormat": "",
          "Components": [],
          "SetValues": [],
          "Metadata": [
            {
              "Key": "Color",
              "Value": "#279aab"
            },
            {
              "Key": "Hotkey",
              "Value": "r"
            }
          ],
          "RuleSet": null,
          "DefaultValue": "",
          "DataSource": null
        },
        {
          "FieldId": "acubotix_ml_taxonamy.acubotix_ml_category.acubotix_ml_name.SHIPADDR",
          "FieldName": "SHIP ADDR",
          "IsMultiValue": false,
          "Type": "Text",
          "DeriveFieldsFormat": "",
          "Components": [],
          "SetValues": [],
          "Metadata": [
            {
              "Key": "Color",
              "Value": "#151cfa"
            },
            {
              "Key": "Hotkey",
              "Value": "h"
            }
          ],
          "RuleSet": null,
          "DefaultValue": "",
          "DataSource": null
        },
        {
          "FieldId": "acubotix_ml_taxonamy.acubotix_ml_category.acubotix_ml_name.COMPNAME",
          "FieldName": "COMP NAME",
          "IsMultiValue": false,
          "Type": "Text",
          "DeriveFieldsFormat": "",
          "Components": [],
          "SetValues": [],
          "Metadata": [
            {
              "Key": "Color",
              "Value": "#b34692"
            },
            {
              "Key": "Hotkey",
              "Value": "c"
            }
          ],
          "RuleSet": null,
          "DefaultValue": "",
          "DataSource": null
        }
      ]
    }
  ],
  "Groups": [
    {
      "Name": "acubotix_ml_taxonamy",
      "Categories": [
        "acubotix_ml_category"
      ]
    }
  ],
  "SupportedLanguages": [
    {
      "Name": "Undetermined Language",
      "Code": "und"
    },
    {
      "Name": "Bulgarian",
      "Code": "bul"
    },
    {
      "Name": "Cantonese",
      "Code": "yue"
    },
    {
      "Name": "Danish",
      "Code": "dan"
    },
    {
      "Name": "Dutch",
      "Code": "nld"
    },
    {
      "Name": "English",
      "Code": "eng"
    },
    {
      "Name": "French",
      "Code": "fra"
    },
    {
      "Name": "Georgian",
      "Code": "kat"
    },
    {
      "Name": "German",
      "Code": "deu"
    },
    {
      "Name": "Greek",
      "Code": "ell"
    },
    {
      "Name": "Hebrew",
      "Code": "heb"
    },
    {
      "Name": "Hindi",
      "Code": "hin"
    },
    {
      "Name": "Italian",
      "Code": "ita"
    },
    {
      "Name": "Japanese",
      "Code": "jpn"
    },
    {
      "Name": "Korean",
      "Code": "kor"
    },
    {
      "Name": "Macedonian",
      "Code": "mkd"
    },
    {
      "Name": "Mandarin",
      "Code": "zho"
    },
    {
      "Name": "Marathi",
      "Code": "mar"
    },
    {
      "Name": "Norwegian",
      "Code": "nor"
    },
    {
      "Name": "Polish",
      "Code": "pol"
    },
    {
      "Name": "Portuguese",
      "Code": "por"
    },
    {
      "Name": "Romanian",
      "Code": "ron"
    },
    {
      "Name": "Russian",
      "Code": "rus"
    },
    {
      "Name": "Serbian",
      "Code": "srp"
    },
    {
      "Name": "Spanish",
      "Code": "spa"
    },
    {
      "Name": "Swedish",
      "Code": "swe"
    },
    {
      "Name": "Telugu",
      "Code": "tel"
    },
    {
      "Name": "Turkish",
      "Code": "tur"
    }
  ]
}